City_ID,City,Country,Lat,Lng,Max Temp,Humidity,Cloudiness,Wind Speed,Current Description,Date
0,New Norfolk,AU,-42.7826,147.0587,45.9,82,12,2.95,few clouds,2021-08-08 15:40:52
1,Ushuaia,AR,-54.8,-68.3,40.66,65,75,8.05,broken clouds,2021-08-08 15:36:58
2,Mar Del Plata,AR,-38.0023,-57.5575,50.02,66,0,13.8,light rain,2021-08-08 15:40:53
3,Basco,PH,20.4487,121.9702,83.82,86,100,23.38,overcast clouds,2021-08-08 15:40:53
4,Mercedes,AR,-34.6515,-59.4307,55.89,63,71,18.32,moderate rain,2021-08-08 15:40:54
5,Arraial Do Cabo,BR,-22.9661,-42.0278,75.16,60,20,14.97,few clouds,2021-08-08 15:32:38
6,Constitucion,CL,-35.3333,-72.4167,51.35,56,99,3.62,overcast clouds,2021-08-08 15:25:56
7,Vila Velha,BR,-20.3297,-40.2925,73.35,68,75,3.44,broken clouds,2021-08-08 15:31:51
8,Bredasdorp,ZA,-34.5322,20.0403,63.72,48,100,23.02,overcast clouds,2021-08-08 15:30:55
9,Quatre Cocos,MU,-20.2078,57.7625,70.09,88,94,20.78,light rain,2021-08-08 15:33:10
10,Stornoway,GB,58.2093,-6.3865,65.93,82,40,16.11,scattered clouds,2021-08-08 15:40:55
11,Severo-Kurilsk,RU,50.6789,156.125,52.83,78,47,10.04,scattered clouds,2021-08-08 15:31:18
12,Istisu,AZ,40.9457,48.0738,80.78,44,22,3.06,few clouds,2021-08-08 15:40:56
13,Bachaquero,VE,9.9694,-71.1494,85.84,69,72,9.62,broken clouds,2021-08-08 15:40:56
14,Ponta Do Sol,PT,32.6667,-17.1,77.0,78,64,2.55,broken clouds,2021-08-08 15:40:57
15,Pevek,RU,69.7008,170.3133,36.52,84,85,8.93,overcast clouds,2021-08-08 15:40:57
16,Avarua,CK,-21.2078,-159.775,73.45,73,90,3.44,overcast clouds,2021-08-08 15:40:57
17,Butaritari,KI,3.0707,172.7902,82.49,65,13,11.79,few clouds,2021-08-08 15:40:58
18,Puerto Narino,CO,-3.7703,-70.3831,87.75,38,12,0.83,few clouds,2021-08-08 15:40:58
19,Vaini,TO,-21.2,-175.2,62.76,94,40,2.3,scattered clouds,2021-08-08 15:40:58
20,Albany,US,42.6001,-73.9662,82.81,72,97,1.83,overcast clouds,2021-08-08 15:37:00
21,Busayra,JO,30.7376,35.6078,83.26,27,0,14.47,clear sky,2021-08-08 15:40:59
22,Olafsvik,IS,64.8945,-23.7142,57.49,77,99,7.02,overcast clouds,2021-08-08 15:41:00
23,Punta Arenas,CL,-53.15,-70.9167,42.91,70,75,18.41,broken clouds,2021-08-08 15:41:00
24,Klaksvik,FO,62.2266,-6.589,56.32,92,82,10.09,broken clouds,2021-08-08 15:31:18
25,East London,ZA,-33.0153,27.9116,76.14,41,0,5.75,clear sky,2021-08-08 15:29:55
26,Barrow,US,71.2906,-156.7887,37.42,93,90,10.36,overcast clouds,2021-08-08 15:41:01
27,San Quintin,MX,30.4833,-115.95,70.2,74,12,5.23,few clouds,2021-08-08 15:41:01
28,Rikitea,PF,-23.1203,-134.9692,74.59,73,44,11.39,scattered clouds,2021-08-08 15:41:01
29,Tuktoyaktuk,CA,69.4541,-133.0374,44.6,87,90,6.91,overcast clouds,2021-08-08 15:31:02
30,Faanui,PF,-16.4833,-151.75,78.85,74,48,13.02,scattered clouds,2021-08-08 15:32:48
31,Hilo,US,19.7297,-155.09,73.13,84,90,6.91,overcast clouds,2021-08-08 15:36:29
32,Te Horo,NZ,-40.8084,175.1233,47.88,76,100,8.01,light rain,2021-08-08 15:41:02
33,Longyearbyen,SJ,78.2186,15.6401,44.44,81,20,10.36,few clouds,2021-08-08 15:41:02
34,Thompson,CA,55.7435,-97.8558,64.56,94,90,2.3,mist,2021-08-08 15:41:03
35,Hobart,AU,-42.8794,147.3294,46.26,79,11,1.99,few clouds,2021-08-08 15:41:03
36,Mataura,NZ,-46.1927,168.8643,32.49,99,99,3.76,light snow,2021-08-08 15:41:03
37,Guerrero Negro,MX,27.9769,-114.0611,73.87,71,6,10.0,clear sky,2021-08-08 15:36:39
38,Alappuzha,IN,9.49,76.3264,78.53,87,97,9.91,overcast clouds,2021-08-08 15:36:05
39,Isangel,VU,-19.55,169.2667,69.03,74,83,10.31,broken clouds,2021-08-08 15:32:44
40,Petropavlovsk-Kamchatskiy,RU,53.0452,158.6483,46.99,100,75,6.71,broken clouds,2021-08-08 15:41:05
41,Neka,IR,36.6508,53.299,90.91,55,0,6.91,clear sky,2021-08-08 15:41:05
42,Kavaratti,IN,10.5669,72.642,81.18,80,100,18.28,overcast clouds,2021-08-08 15:41:05
43,Portland,US,45.5234,-122.6762,64.4,73,40,3.0,scattered clouds,2021-08-08 15:29:44
44,Krasnokamsk,RU,58.0802,55.7541,66.36,84,30,4.29,scattered clouds,2021-08-08 15:41:06
45,Qaanaaq,GL,77.484,-69.3632,39.09,66,36,2.84,scattered clouds,2021-08-08 15:41:06
46,Chepareria,KE,1.3077,35.2039,64.45,80,72,2.48,light rain,2021-08-08 15:41:06
47,Puerto Ayora,EC,-0.7393,-90.3518,75.16,84,40,5.99,scattered clouds,2021-08-08 15:41:07
48,Ballangen,NO,68.3428,16.8315,72.19,37,0,10.36,clear sky,2021-08-08 15:41:07
49,Atherton,GB,53.5237,-2.4935,64.22,80,89,11.01,overcast clouds,2021-08-08 15:33:22
50,Hithadhoo,MV,-0.6,73.0833,82.87,70,96,5.01,light rain,2021-08-08 15:41:08
51,Jamestown,US,42.097,-79.2353,80.19,72,20,7.0,few clouds,2021-08-08 15:31:08
52,Yellowknife,CA,62.456,-114.3525,50.52,62,75,5.75,broken clouds,2021-08-08 15:40:09
53,Matamoros,MX,25.5333,-103.25,79.11,50,1,0.0,clear sky,2021-08-08 15:41:09
54,Tadine,NC,-21.55,167.8833,66.36,66,70,13.58,broken clouds,2021-08-08 15:41:09
55,Port Hedland,AU,-20.3167,118.5667,60.85,82,2,5.75,clear sky,2021-08-08 15:41:09
56,Dunedin,NZ,-45.8742,170.5036,36.81,74,80,4.0,broken clouds,2021-08-08 15:31:39
57,Cape Town,ZA,-33.9258,18.4232,61.21,73,75,5.99,light rain,2021-08-08 15:39:03
58,Ilulissat,GL,69.2167,-51.1,42.82,87,75,14.97,light intensity drizzle,2021-08-08 15:41:10
59,Muros,ES,42.7762,-9.0603,73.15,69,55,12.03,broken clouds,2021-08-08 15:41:10
60,Acapulco,MX,16.8634,-99.8901,82.22,74,75,2.3,broken clouds,2021-08-08 15:39:08
61,Saint George,US,37.1041,-113.5841,90.54,23,1,0.0,haze,2021-08-08 15:41:01
62,Victoria,HK,22.2855,114.1577,86.32,89,100,1.01,light rain,2021-08-08 15:40:10
63,Okhotsk,RU,59.3833,143.3,57.18,80,10,8.03,clear sky,2021-08-08 15:33:06
64,Port Alfred,ZA,-33.5906,26.891,68.77,56,52,6.55,broken clouds,2021-08-08 15:41:11
65,Pekan,MY,3.4836,103.3996,77.11,86,87,2.26,overcast clouds,2021-08-08 15:41:11
66,Torbay,CA,47.6666,-52.7314,77.88,80,75,16.11,broken clouds,2021-08-08 15:31:27
67,Saldanha,ZA,-33.0117,17.9442,59.05,83,100,17.72,light rain,2021-08-08 15:41:12
68,Atuona,PF,-9.8,-139.0333,77.09,81,91,17.47,light rain,2021-08-08 15:41:13
69,Kapit,MY,2.0167,112.9333,75.47,95,95,1.12,light rain,2021-08-08 15:41:16
70,Dikson,RU,73.5069,80.5464,48.97,73,3,3.13,clear sky,2021-08-08 15:41:16
71,Biscarrosse,FR,44.3945,-1.1672,77.68,60,75,8.05,broken clouds,2021-08-08 15:41:17
72,Castro,BR,-24.7911,-50.0119,72.61,42,8,5.41,clear sky,2021-08-08 15:41:17
73,Sinnamary,GF,5.3833,-52.95,86.65,63,49,11.07,scattered clouds,2021-08-08 15:31:35
74,Skovorodino,RU,53.9833,123.9167,55.87,86,100,10.07,overcast clouds,2021-08-08 15:41:17
75,Martapura,ID,-3.4167,114.85,75.29,94,75,6.91,broken clouds,2021-08-08 15:41:18
76,Hermanus,ZA,-34.4187,19.2345,63.81,70,100,25.5,overcast clouds,2021-08-08 15:41:18
77,Neiafu,TO,-18.65,-173.9833,66.88,88,40,0.0,scattered clouds,2021-08-08 15:41:18
78,Inirida,CO,3.8653,-67.9239,75.25,95,98,4.21,light rain,2021-08-08 15:32:40
79,Vikhorevka,RU,56.1201,101.1636,58.59,57,39,2.86,scattered clouds,2021-08-08 15:41:19
80,Cozumel,MX,20.5083,-86.9458,89.67,71,40,5.01,scattered clouds,2021-08-08 15:41:19
81,Tuatapere,NZ,-46.1333,167.6833,32.83,85,99,5.26,overcast clouds,2021-08-08 15:41:20
82,Soyo,AO,-6.1349,12.3689,80.65,68,22,8.16,few clouds,2021-08-08 15:41:20
83,Mahebourg,MU,-20.4081,57.7,70.25,100,75,3.44,moderate rain,2021-08-08 15:32:07
84,La Orilla,MX,17.9833,-102.2333,81.73,79,90,3.29,overcast clouds,2021-08-08 15:41:20
85,Beringovskiy,RU,63.05,179.3167,43.47,90,100,23.82,light rain,2021-08-08 15:32:07
86,Honningsvag,NO,70.9821,25.9704,72.93,55,0,3.44,clear sky,2021-08-08 15:41:21
87,Ribeira Grande,PT,38.5167,-28.7,77.4,65,75,12.66,broken clouds,2021-08-08 15:41:21
88,Sobolevo,RU,54.4299,31.8996,72.46,62,100,2.77,overcast clouds,2021-08-08 15:31:41
89,Bilma,NE,18.6853,12.9164,102.97,19,90,7.78,overcast clouds,2021-08-08 15:41:22
90,Codrington,AU,-38.2667,141.9667,48.16,69,94,9.51,overcast clouds,2021-08-08 15:32:16
91,Erenhot,CN,43.6475,111.9767,75.94,32,78,6.49,broken clouds,2021-08-08 15:41:22
92,Kendari,ID,-3.945,122.4989,73.76,92,25,0.96,scattered clouds,2021-08-08 15:41:22
93,Iqaluit,CA,63.7506,-68.5145,42.53,87,90,4.61,light rain,2021-08-08 15:31:38
94,Carnarvon,AU,-24.8667,113.6333,68.07,80,90,4.61,overcast clouds,2021-08-08 15:41:23
95,Raymond Terrace,AU,-32.75,151.75,57.11,93,90,0.0,overcast clouds,2021-08-08 15:41:23
96,Tateyama,JP,34.9833,139.8667,82.42,89,100,19.62,overcast clouds,2021-08-08 15:41:23
97,Pisco,PE,-13.7,-76.2167,63.01,77,90,2.3,smoke,2021-08-08 15:31:55
98,Kapaa,US,22.0752,-159.319,79.12,64,75,10.36,broken clouds,2021-08-08 15:39:24
99,San Andres,CO,12.5847,-81.7006,86.02,70,75,18.41,broken clouds,2021-08-08 15:32:31
100,Bambous Virieux,MU,-20.3428,57.7575,70.21,100,75,3.44,moderate rain,2021-08-08 15:41:24
101,Ananas,HT,19.2466,-71.9557,78.87,50,3,7.85,clear sky,2021-08-08 15:41:25
102,Naze,JP,28.3667,129.4833,78.58,86,62,18.77,broken clouds,2021-08-08 15:32:27
103,Dali,CN,25.7,100.1833,65.91,94,100,5.17,overcast clouds,2021-08-08 15:41:25
104,Tasiilaq,GL,65.6145,-37.6368,46.56,96,100,18.07,moderate rain,2021-08-08 15:41:25
105,Meiganga,CM,6.5167,14.3,69.4,90,100,3.87,overcast clouds,2021-08-08 15:41:26
106,Sambava,MG,-14.2667,50.1667,71.53,80,26,12.19,scattered clouds,2021-08-08 15:41:26
107,Bluff,NZ,-46.6,168.3333,32.81,65,63,14.03,light snow,2021-08-08 15:41:26
108,Shenjiamen,CN,29.9576,122.298,78.37,82,9,5.17,clear sky,2021-08-08 15:33:25
109,Sorland,NO,67.667,12.6934,60.66,71,98,12.59,overcast clouds,2021-08-08 15:32:47
110,Angra Dos Reis,BR,-23.0067,-44.3181,80.56,51,0,5.48,clear sky,2021-08-08 15:41:27
111,Busselton,AU,-33.65,115.3333,59.09,85,22,24.05,few clouds,2021-08-08 15:41:28
112,Kodiak,US,57.79,-152.4072,54.91,94,90,0.0,light rain,2021-08-08 15:32:03
113,Georgetown,MY,5.4112,100.3354,84.88,83,40,3.44,moderate rain,2021-08-08 15:31:34
114,Narsaq,GL,60.9167,-46.05,48.42,64,16,10.89,few clouds,2021-08-08 15:41:29
115,Khatanga,RU,71.9667,102.5,52.83,65,95,14.2,overcast clouds,2021-08-08 15:41:29
116,Chuy,UY,-33.6971,-53.4616,70.05,70,83,4.16,broken clouds,2021-08-08 15:41:29
117,Owase,JP,34.0667,136.2,79.11,87,100,5.12,overcast clouds,2021-08-08 15:41:30
118,Mareeba,AU,-17.0,145.4333,65.12,90,30,2.46,scattered clouds,2021-08-08 15:41:30
119,Luba,GQ,3.4568,8.5547,78.69,93,100,9.4,moderate rain,2021-08-08 15:41:30
120,Chabahar,IR,25.2919,60.643,82.65,81,3,7.25,clear sky,2021-08-08 15:41:30
121,Chokurdakh,RU,70.6333,147.9167,51.57,60,89,7.92,overcast clouds,2021-08-08 15:41:31
122,Lagoa,PT,39.05,-27.9833,71.69,82,88,17.29,overcast clouds,2021-08-08 15:41:31
123,Cabo San Lucas,MX,22.8909,-109.9124,89.06,72,1,0.0,clear sky,2021-08-08 15:41:21
124,Belaya Gora,RU,68.5333,146.4167,51.71,64,66,4.29,broken clouds,2021-08-08 15:32:50
125,Ahipara,NZ,-35.1667,173.1667,48.76,75,99,22.48,overcast clouds,2021-08-08 15:33:18
126,Komsomolskiy,UZ,40.4272,71.7189,90.32,29,0,4.61,clear sky,2021-08-08 15:34:00
127,Olot,ES,42.181,2.4901,83.37,33,36,1.99,scattered clouds,2021-08-08 15:41:33
128,Yaan,NG,7.3833,8.5667,75.85,84,100,9.35,overcast clouds,2021-08-08 15:41:33
129,Solnechnyy,RU,50.7214,136.6319,49.1,99,100,4.29,overcast clouds,2021-08-08 15:41:33
130,Lompoc,US,34.6391,-120.4579,58.68,97,90,0.0,mist,2021-08-08 15:41:34
131,Nara,JP,34.6851,135.8049,85.28,70,100,4.81,moderate rain,2021-08-08 15:41:34
132,Campbell River,CA,50.0163,-125.2446,62.26,91,20,1.01,few clouds,2021-08-08 15:41:34
133,Vila,PT,42.0304,-8.1588,70.7,49,13,6.78,few clouds,2021-08-08 15:41:34
134,Tyristrand,NO,60.0837,10.0966,72.57,57,59,4.38,broken clouds,2021-08-08 15:41:35
135,Gayny,RU,60.3071,54.3241,58.17,73,23,4.21,few clouds,2021-08-08 15:41:35
136,Naberera,TZ,-4.2,36.9333,66.15,52,91,11.34,overcast clouds,2021-08-08 15:41:36
137,Ashdod,IL,31.8167,34.65,88.81,63,0,8.37,clear sky,2021-08-08 15:41:36
138,Zhezkazgan,KZ,47.8043,67.7144,76.01,23,1,16.93,clear sky,2021-08-08 15:32:02
139,Podhum,BA,43.7231,17.0011,79.36,28,0,7.54,clear sky,2021-08-08 15:41:37
140,Provideniya,RU,64.3833,-173.3,44.46,86,100,13.58,overcast clouds,2021-08-08 15:33:06
141,Ancud,CL,-41.8697,-73.8203,52.43,64,1,5.12,clear sky,2021-08-08 15:31:53
142,Kaka,TM,37.3482,59.6143,95.94,12,0,5.48,clear sky,2021-08-08 15:41:37
143,Esperance,AU,-33.8667,121.9,62.44,78,3,15.01,clear sky,2021-08-08 15:41:38
144,Weymouth,US,42.2209,-70.9398,83.8,68,75,3.0,broken clouds,2021-08-08 15:41:38
145,Tiarei,PF,-17.5333,-149.3333,73.42,76,83,9.4,broken clouds,2021-08-08 15:41:38
146,Allapalli,IN,19.4167,80.0667,80.24,81,100,2.62,overcast clouds,2021-08-08 15:41:39
147,Mantamados,GR,39.3117,26.3339,89.65,38,0,7.25,clear sky,2021-08-08 15:41:39
148,Sitka,US,57.0531,-135.33,57.09,88,90,8.05,overcast clouds,2021-08-08 15:32:00
149,Bagdarin,RU,54.4333,113.6,55.99,99,100,0.54,light rain,2021-08-08 15:41:40
150,Umm Lajj,SA,25.0213,37.2685,93.33,45,0,5.12,clear sky,2021-08-08 15:32:20
151,Poum,NC,-20.2333,164.0167,69.12,70,95,22.19,overcast clouds,2021-08-08 15:41:40
152,Saint-Philippe,RE,-21.3585,55.7679,69.39,81,41,8.93,scattered clouds,2021-08-08 15:41:41
153,Kaitangata,NZ,-46.2817,169.8464,34.32,93,78,8.52,light rain,2021-08-08 15:41:41
154,Bull Savanna,JM,17.8868,-77.5902,85.14,58,11,7.14,few clouds,2021-08-08 15:41:41
155,Xapuri,BR,-10.6517,-68.5044,88.45,24,14,2.82,few clouds,2021-08-08 15:41:42
156,Plettenberg Bay,ZA,-34.0527,23.3716,58.66,78,66,5.23,broken clouds,2021-08-08 15:41:42
157,Batagay,RU,67.6333,134.6333,63.91,45,36,2.98,scattered clouds,2021-08-08 15:41:42
158,Port Elizabeth,ZA,-33.918,25.5701,61.09,88,40,31.07,scattered clouds,2021-08-08 15:31:58
159,Phek,IN,25.6667,94.5,62.58,99,94,1.39,overcast clouds,2021-08-08 15:41:43
160,Gull Lake,CA,50.1001,-108.4847,59.36,41,64,12.82,broken clouds,2021-08-08 15:41:43
161,Mudgee,AU,-32.5943,149.5871,48.61,87,90,4.61,overcast clouds,2021-08-08 15:41:44
162,Lorengau,PG,-2.0226,147.2712,80.76,80,55,10.18,broken clouds,2021-08-08 15:41:44
163,Norfolk,US,42.1668,-71.2495,83.55,71,20,1.01,few clouds,2021-08-08 15:41:44
164,Griffith,US,41.5284,-87.4237,85.89,73,1,1.01,clear sky,2021-08-08 15:41:45
165,Fairbanks,US,64.8378,-147.7164,56.61,91,75,5.75,broken clouds,2021-08-08 15:39:49
166,Kruisfontein,ZA,-34.0033,24.7314,63.88,74,97,13.33,overcast clouds,2021-08-08 15:41:46
167,Acari,PE,-15.4311,-74.6158,70.27,61,57,8.84,broken clouds,2021-08-08 15:41:46
168,Isla Mujeres,MX,21.2311,-86.731,87.85,66,58,9.93,broken clouds,2021-08-08 15:41:46
169,Ugoofaaru,MV,5.6667,73.0,81.61,72,100,18.05,overcast clouds,2021-08-08 15:32:14
170,Kalengwa,ZM,-13.4659,25.0027,77.11,17,0,6.08,clear sky,2021-08-08 15:41:47
171,Port Macquarie,AU,-31.4333,152.9167,51.76,63,96,3.42,overcast clouds,2021-08-08 15:31:26
172,Upernavik,GL,72.7868,-56.1549,40.35,86,86,4.68,overcast clouds,2021-08-08 15:41:47
173,Babushkin,RU,51.7122,105.8647,58.17,70,50,9.71,scattered clouds,2021-08-08 15:41:48
174,College,US,64.8569,-147.8028,56.59,91,75,5.75,broken clouds,2021-08-08 15:41:48
175,Buala,SB,-8.145,159.5921,78.03,80,89,1.05,overcast clouds,2021-08-08 15:41:49
176,Wonthaggi,AU,-38.6044,145.5913,50.2,85,84,6.64,broken clouds,2021-08-08 15:41:49
177,Karratha,AU,-20.7377,116.8463,69.24,67,1,4.16,clear sky,2021-08-08 15:41:49
178,Nouadhibou,MR,20.931,-17.0347,76.98,69,0,20.71,clear sky,2021-08-08 15:41:50
179,Lasa,IT,46.6166,10.7002,76.91,84,85,3.33,overcast clouds,2021-08-08 15:33:46
180,Mogadishu,SO,2.0371,45.3438,76.69,86,25,21.34,scattered clouds,2021-08-08 15:33:40
181,Saskylakh,RU,71.9167,114.0833,59.07,61,95,10.8,overcast clouds,2021-08-08 15:32:25
182,Teguise,ES,29.0605,-13.564,77.22,50,20,18.41,few clouds,2021-08-08 15:41:50
183,Khandbari,NP,27.3747,87.2039,72.43,94,80,0.43,broken clouds,2021-08-08 15:41:50
184,Norman Wells,CA,65.282,-126.8329,48.24,81,90,3.44,overcast clouds,2021-08-08 15:32:55
185,Walvis Bay,NA,-22.9575,14.5053,67.15,55,5,17.27,clear sky,2021-08-08 15:41:51
186,El Alto,PE,-4.2714,-81.2147,69.46,62,5,13.73,clear sky,2021-08-08 15:41:51
187,Darhan,MN,49.4867,105.9228,56.39,81,2,2.86,clear sky,2021-08-08 15:41:52
188,Cocorit,MX,27.5833,-109.9667,86.34,65,95,7.25,overcast clouds,2021-08-08 15:41:52
189,Chake Chake,TZ,-5.2459,39.7666,73.76,77,16,9.4,few clouds,2021-08-08 15:41:52
190,Puntarenas,CR,9.9763,-84.8384,87.73,69,12,3.83,few clouds,2021-08-08 15:39:24
191,Pecos,US,31.4229,-103.4932,84.29,48,1,0.0,clear sky,2021-08-08 15:41:53
192,Narasannapeta,IN,18.4167,84.05,83.71,81,86,7.05,overcast clouds,2021-08-08 15:41:53
193,Ambon,ID,-3.6954,128.1814,75.34,100,40,3.44,scattered clouds,2021-08-08 15:41:54
194,Carutapera,BR,-1.195,-46.02,83.77,70,13,8.79,few clouds,2021-08-08 15:41:54
195,Pontes E Lacerda,BR,-15.2261,-59.3353,96.64,19,1,8.12,clear sky,2021-08-08 15:41:54
196,Karasjok,NO,69.4719,25.5112,75.31,47,10,14.99,clear sky,2021-08-08 15:41:54
197,Hargeysa,SO,9.56,44.065,78.3,48,77,8.48,moderate rain,2021-08-08 15:41:55
198,Along,IN,28.1667,94.7667,77.43,99,90,1.12,overcast clouds,2021-08-08 15:41:55
199,Nemuro,JP,43.3236,145.575,63.9,91,100,22.48,overcast clouds,2021-08-08 15:41:56
200,San Jeronimo,PE,-11.9472,-75.2829,60.82,32,0,2.71,clear sky,2021-08-08 15:41:56
201,Byron Bay,AU,-28.65,153.6167,58.95,73,100,10.58,overcast clouds,2021-08-08 15:33:45
202,Bonavista,CA,48.6499,-53.1147,69.8,95,99,18.16,light rain,2021-08-08 15:32:55
203,Malanje,AO,-9.5402,16.341,85.62,11,87,3.91,overcast clouds,2021-08-08 15:41:57
204,Rio Grande,BR,-32.035,-52.0986,78.91,66,0,4.25,clear sky,2021-08-08 15:32:23
205,Goderich,CA,43.7501,-81.7165,75.2,78,100,9.22,overcast clouds,2021-08-08 15:41:35
206,La Rochelle,FR,46.1667,-1.15,70.5,64,75,14.97,broken clouds,2021-08-08 15:41:57
207,Aurillac,FR,44.9167,2.45,66.45,59,80,3.91,broken clouds,2021-08-08 15:41:58
208,Ostrovnoy,RU,68.0531,39.5131,60.3,63,45,11.88,scattered clouds,2021-08-08 15:33:24
209,Gigmoto,PH,13.7796,124.39,81.55,83,96,6.38,overcast clouds,2021-08-08 15:41:58
210,Mazagao,BR,-0.115,-51.2894,91.45,45,26,5.1,scattered clouds,2021-08-08 15:41:58
211,Abha,SA,18.2164,42.5053,73.22,73,75,5.75,broken clouds,2021-08-08 15:33:47
212,Mariestad,SE,58.7097,13.8237,60.39,80,99,4.07,moderate rain,2021-08-08 15:41:59
213,Kutum,SD,14.2,24.6667,75.92,52,78,6.78,broken clouds,2021-08-08 15:33:16
214,Saint-Augustin,CA,51.226,-58.6502,65.59,43,74,4.34,broken clouds,2021-08-08 15:33:11
215,Luwuk,ID,-0.9516,122.7875,75.87,89,59,4.23,broken clouds,2021-08-08 15:42:00
216,Nikolskoye,RU,59.7035,30.7861,73.29,80,99,3.31,overcast clouds,2021-08-08 15:42:00
217,Corrente,BR,-3.7367,-43.3394,94.06,28,0,5.66,clear sky,2021-08-08 15:42:01
218,Roald,NO,62.5833,6.1333,73.17,72,0,10.36,clear sky,2021-08-08 15:42:01
219,Te Anau,NZ,-45.4167,167.7167,28.22,97,79,1.39,light snow,2021-08-08 15:42:01
220,Ambilobe,MG,-13.2,49.05,71.35,82,74,2.71,light rain,2021-08-08 15:42:02
221,Los Llanos De Aridane,ES,28.6585,-17.9182,71.35,91,75,5.75,broken clouds,2021-08-08 15:33:19
222,Kudahuvadhoo,MV,2.6708,72.8944,83.84,73,100,14.23,light rain,2021-08-08 15:42:02
223,West Wendover,US,40.7391,-114.0733,69.01,28,1,0.0,clear sky,2021-08-08 15:42:02
224,San Cristobal,VE,7.7669,-72.225,73.58,48,69,0.45,broken clouds,2021-08-08 15:37:40
225,Lebu,CL,-37.6167,-73.65,50.07,64,49,11.27,scattered clouds,2021-08-08 15:32:24
226,Kenai,US,60.5544,-151.2583,53.1,94,90,9.22,moderate rain,2021-08-08 15:34:06
227,Half Moon Bay,US,37.4636,-122.4286,69.06,88,90,4.0,overcast clouds,2021-08-08 15:38:20
228,Roxana,CR,10.2753,-83.7513,93.96,85,69,1.79,broken clouds,2021-08-08 15:42:04
229,Manono,CD,-7.3,27.4167,86.9,21,23,4.03,few clouds,2021-08-08 15:42:05
230,Carbonia,IT,39.1672,8.5222,88.75,42,96,5.99,overcast clouds,2021-08-08 15:42:05
231,Airai,TL,-8.9266,125.4092,54.61,88,42,2.17,scattered clouds,2021-08-08 15:42:05
232,Colac,AU,-38.3333,143.5833,47.84,66,100,2.89,overcast clouds,2021-08-08 15:42:06
233,Lubango,AO,-14.9172,13.4925,75.33,10,87,7.11,overcast clouds,2021-08-08 15:42:06
234,Kaya,BF,13.0917,-1.0844,91.87,40,99,7.2,overcast clouds,2021-08-08 15:42:06
235,Bang Sai,TH,14.2124,100.4966,87.01,74,100,7.83,light rain,2021-08-08 15:42:06
236,Ganzhou,CN,28.8184,115.4327,82.33,74,99,2.62,light rain,2021-08-08 15:42:07
237,La Primavera,CO,5.4906,-70.4092,86.34,63,43,4.18,scattered clouds,2021-08-08 15:42:07
238,Lumphat,KH,13.4878,106.9816,76.17,97,100,0.67,overcast clouds,2021-08-08 15:32:27
239,Pueblo Nuevo,MX,23.3833,-105.3833,69.15,60,60,2.68,broken clouds,2021-08-08 15:42:08
240,Bengkulu,ID,-3.8004,102.2655,76.87,92,62,4.27,broken clouds,2021-08-08 15:37:49
241,Agadir,MA,30.4202,-9.5982,81.05,52,2,8.75,clear sky,2021-08-08 15:42:08
242,Brae,GB,60.3964,-1.353,58.91,77,86,9.95,overcast clouds,2021-08-08 15:32:59
243,Taltal,CL,-25.4,-70.4833,58.55,61,10,8.01,clear sky,2021-08-08 15:42:09
244,Luderitz,NA,-26.6481,15.1594,59.4,75,64,7.14,broken clouds,2021-08-08 15:42:09
245,Kasongo,CD,-4.45,26.6667,88.39,27,73,1.03,broken clouds,2021-08-08 15:42:10
246,Ossora,RU,59.2353,163.0719,49.24,70,48,9.57,scattered clouds,2021-08-08 15:42:10
247,Itaituba,BR,-4.2761,-55.9836,93.36,49,0,4.61,clear sky,2021-08-08 15:42:10
248,Sao Joao Da Barra,BR,-21.6403,-41.0511,75.29,67,97,10.36,overcast clouds,2021-08-08 15:33:07
249,Farafenni,GM,13.5667,-15.6,87.89,60,77,10.02,broken clouds,2021-08-08 15:42:11
250,Svetlyy,RU,54.675,20.1347,73.45,76,42,10.25,scattered clouds,2021-08-08 15:42:11
251,Novyy Urgal,RU,51.0736,132.5642,47.64,95,100,2.55,overcast clouds,2021-08-08 15:42:11
252,Belmonte,BR,-15.8631,-38.8828,77.5,72,86,14.38,overcast clouds,2021-08-08 15:42:12
253,Pemangkat,ID,1.1667,108.9667,81.23,78,99,1.34,overcast clouds,2021-08-08 15:42:13
254,Talnakh,RU,69.4865,88.3972,64.33,44,0,5.39,clear sky,2021-08-08 15:42:09
255,Kurilsk,RU,45.2333,147.8833,54.28,81,100,14.97,overcast clouds,2021-08-08 15:33:31
256,Sur,OM,22.5667,59.5289,90.43,57,0,6.31,clear sky,2021-08-08 15:42:13
257,Camacha,PT,33.0833,-16.3333,74.62,57,40,12.66,scattered clouds,2021-08-08 15:32:56
258,Agadez,NE,19.75,10.25,104.74,14,40,17.2,scattered clouds,2021-08-08 15:42:14
259,Ipira,BR,-12.1583,-39.7372,75.45,60,92,8.99,overcast clouds,2021-08-08 15:42:14
260,Porto Novo,BJ,6.4965,2.6036,78.62,77,97,12.37,light rain,2021-08-08 15:42:09
261,Micheweni,TZ,-4.9667,39.8333,75.18,76,9,11.16,clear sky,2021-08-08 15:42:14
262,Lobnya,RU,56.0097,37.4819,75.18,68,0,6.71,clear sky,2021-08-08 15:42:15
263,Severnyy,RU,50.677,36.5532,86.04,42,0,8.95,clear sky,2021-08-08 15:42:15
264,Areosa,PT,41.7178,-8.8571,80.67,67,26,16.8,scattered clouds,2021-08-08 15:42:16
265,Letlhakane,BW,-21.4167,25.5833,71.38,18,0,6.22,clear sky,2021-08-08 15:42:16
266,Leirvik,NO,59.7798,5.5005,70.21,56,40,9.22,scattered clouds,2021-08-08 15:42:16
267,Portadown,GB,54.4241,-6.4412,63.99,80,86,15.23,overcast clouds,2021-08-08 15:42:17
268,Cockburn Town,TC,21.4612,-71.1419,85.96,66,40,12.66,scattered clouds,2021-08-08 15:40:28
269,Kalabo,ZM,-14.97,22.6814,80.94,13,2,5.32,clear sky,2021-08-08 15:42:17
270,Barcelos,PT,41.5388,-8.6151,81.28,52,10,12.66,clear sky,2021-08-08 15:39:22
271,Kinkala,CG,-4.3614,14.7644,86.31,30,13,9.26,few clouds,2021-08-08 15:42:18
272,Takoradi,GH,4.8845,-1.7554,80.78,71,83,14.65,broken clouds,2021-08-08 15:32:29
273,Russell,US,32.3502,-85.1999,87.08,65,1,0.0,clear sky,2021-08-08 15:42:18
274,Asosa,ET,10.0667,34.5333,61.93,91,100,2.01,overcast clouds,2021-08-08 15:42:18
275,Kaiwaka,NZ,-36.1667,174.45,48.69,88,95,10.71,light rain,2021-08-08 15:42:19
276,Cherskiy,RU,68.75,161.3,47.3,65,20,3.47,few clouds,2021-08-08 15:42:19
277,Birao,CF,10.2849,22.7882,75.7,90,72,4.43,moderate rain,2021-08-08 15:42:19
278,Cheremukhovo,RU,60.3484,59.9851,57.34,87,52,5.23,broken clouds,2021-08-08 15:42:20
279,Portobelo,PA,9.55,-79.65,84.85,82,57,5.99,broken clouds,2021-08-08 15:42:20
280,Tari,NG,12.4086,4.4914,88.97,53,96,8.28,overcast clouds,2021-08-08 15:42:20
281,Cidreira,BR,-30.1811,-50.2056,67.89,69,1,7.76,clear sky,2021-08-08 15:42:21
282,Umtata,ZA,-31.5889,28.7844,82.96,6,0,8.05,clear sky,2021-08-08 15:42:21
283,Souillac,MU,-20.5167,57.5167,70.36,100,75,3.44,moderate rain,2021-08-08 15:42:22
284,Chatra,IN,24.2167,84.8667,78.78,91,84,4.23,broken clouds,2021-08-08 15:42:22
285,Vangaindrano,MG,-23.35,47.6,66.34,86,0,5.26,clear sky,2021-08-08 15:42:23
286,Roebourne,AU,-20.7833,117.1333,68.58,66,0,3.27,clear sky,2021-08-08 15:42:23
287,Port Hardy,CA,50.6996,-127.4199,59.18,82,90,10.36,overcast clouds,2021-08-08 15:42:23
288,Chumikan,RU,54.7183,135.315,50.79,83,100,9.69,overcast clouds,2021-08-08 15:42:24
289,Nishihara,JP,26.1842,127.7558,80.65,97,75,12.66,mist,2021-08-08 15:42:24
290,Porto Santo,PT,33.072,-16.3415,77.38,57,40,12.66,scattered clouds,2021-08-08 15:42:24
291,Tarbagatay,RU,51.4803,107.3602,58.53,70,48,4.41,scattered clouds,2021-08-08 15:42:24
292,Boa Vista,BR,2.8197,-60.6733,84.18,65,90,3.44,overcast clouds,2021-08-08 15:32:36
293,Pyshma,RU,56.9523,63.2513,63.45,97,97,6.24,overcast clouds,2021-08-08 15:42:25
294,Prince Albert,CA,53.2001,-105.7677,60.75,77,75,12.66,broken clouds,2021-08-08 15:42:25
295,Aksha,RU,50.2814,113.2867,58.5,77,72,4.12,light rain,2021-08-08 15:42:26
296,Kumluca,TR,36.3703,30.2869,87.62,48,0,7.87,clear sky,2021-08-08 15:42:26
297,Inuvik,CA,68.3499,-133.7218,46.44,87,75,3.44,broken clouds,2021-08-08 15:42:27
298,Dickinson,US,29.4608,-95.0513,92.17,69,75,1.99,broken clouds,2021-08-08 15:42:27
299,Charters Towers,AU,-20.1,146.2667,56.82,94,6,7.47,clear sky,2021-08-08 15:42:28
300,Lekoni,GA,-1.5843,14.2591,86.97,37,57,4.18,broken clouds,2021-08-08 15:42:28
301,Taoudenni,ML,22.6783,-3.9836,117.46,5,3,14.34,clear sky,2021-08-08 15:42:28
302,Whitehorse,CA,60.7161,-135.0538,56.1,82,75,2.3,broken clouds,2021-08-08 15:42:28
303,Birjand,IR,32.8663,59.2211,88.27,8,0,13.8,clear sky,2021-08-08 15:42:29
304,Paramonga,PE,-10.6667,-77.8333,65.79,75,81,10.2,broken clouds,2021-08-08 15:42:29
305,Grand Gaube,MU,-20.0064,57.6608,70.38,90,87,4.0,light rain,2021-08-08 15:42:29
306,Bilibino,RU,68.0546,166.4372,43.29,58,71,4.32,broken clouds,2021-08-08 15:42:30
307,Veraval,IN,20.9,70.3667,81.14,81,91,8.08,overcast clouds,2021-08-08 15:42:30
308,Jalu,LY,29.0331,21.5482,101.03,14,0,11.21,clear sky,2021-08-08 15:33:44
309,Shido,JP,34.3233,134.1733,82.4,89,100,26.24,moderate rain,2021-08-08 15:42:31
310,Manhush,UA,47.0558,37.3107,77.41,75,98,9.55,overcast clouds,2021-08-08 15:42:31
311,Presidencia Roque Saenz Pena,AR,-26.7852,-60.4388,92.32,21,35,13.56,scattered clouds,2021-08-08 15:42:31
312,Bocaiuva,BR,-17.1078,-43.815,76.71,36,14,12.12,few clouds,2021-08-08 15:42:32
313,Emba,KZ,48.8264,58.1442,79.34,28,11,8.66,few clouds,2021-08-08 15:42:32
314,Podujevo,XK,42.9106,21.1931,94.39,19,0,1.66,clear sky,2021-08-08 15:42:33
315,Marakkanam,IN,12.2,79.95,85.96,76,78,17.85,broken clouds,2021-08-08 15:42:33
316,Las Tunas,CU,20.9617,-76.9511,89.73,55,10,9.82,clear sky,2021-08-08 15:42:33
317,Lieksa,FI,63.3167,30.0167,59.07,95,99,9.31,overcast clouds,2021-08-08 15:42:34
318,Liwale,TZ,-9.7667,37.9333,74.71,40,72,4.97,broken clouds,2021-08-08 15:42:34
319,Shupiyan,IN,33.7167,74.8333,61.02,83,6,7.02,clear sky,2021-08-08 15:42:35
320,Udachnyy,RU,66.4167,112.4,51.13,88,34,4.38,scattered clouds,2021-08-08 15:42:35
321,Havre-Saint-Pierre,CA,50.2334,-63.5986,64.76,45,75,6.91,broken clouds,2021-08-08 15:42:35
322,Natal,BR,-5.795,-35.2094,81.25,74,75,23.02,broken clouds,2021-08-08 15:38:29
323,Tazovskiy,RU,67.4667,78.7,58.75,70,5,8.43,clear sky,2021-08-08 15:33:07
324,Bubaque,GW,11.2833,-15.8333,79.99,73,21,11.56,few clouds,2021-08-08 15:33:12
325,Tiksi,RU,71.6872,128.8694,45.5,87,10,6.13,clear sky,2021-08-08 15:42:36
326,Kahului,US,20.8947,-156.47,73.42,77,20,6.91,few clouds,2021-08-08 15:42:36
327,Aktau,KZ,43.65,51.2,97.38,29,8,3.6,clear sky,2021-08-08 15:42:37
328,Karaton,ID,-6.3424,106.1045,80.76,92,15,1.36,few clouds,2021-08-08 15:33:50
329,Nanortalik,GL,60.1432,-45.2371,44.38,86,41,12.21,scattered clouds,2021-08-08 15:32:44
330,Eureka,US,40.8021,-124.1637,58.57,95,99,7.76,overcast clouds,2021-08-08 15:39:37
331,Tukrah,LY,32.5341,20.5791,84.04,60,0,19.93,clear sky,2021-08-08 15:42:38
332,Humaita,BR,-7.5061,-63.0208,98.78,21,4,3.78,clear sky,2021-08-08 15:42:38
333,Kavieng,PG,-2.5744,150.7967,81.19,76,87,10.45,light rain,2021-08-08 15:42:03
334,Pangnirtung,CA,66.1451,-65.7125,44.08,77,98,3.6,overcast clouds,2021-08-08 15:33:36
335,Gat,IL,31.61,34.7642,87.4,40,0,10.36,clear sky,2021-08-08 15:42:39
336,Voznesenye,RU,61.0106,35.4781,65.44,93,76,4.09,broken clouds,2021-08-08 15:42:39
337,Kloulklubed,PW,7.0419,134.2556,77.5,80,100,18.1,light rain,2021-08-08 15:42:40
338,Inhambane,MZ,-23.865,35.3833,73.38,68,20,7.72,few clouds,2021-08-08 15:42:40
339,Tocopilla,CL,-22.092,-70.1979,63.59,63,19,12.75,few clouds,2021-08-08 15:42:40
340,Farafangana,MG,-22.8167,47.8333,68.27,79,0,6.35,clear sky,2021-08-08 15:42:40
341,Saint Anthony,US,45.0205,-93.218,74.79,93,1,5.01,clear sky,2021-08-08 15:30:13
342,Egvekinot,RU,66.3167,-179.1667,36.48,75,3,12.91,clear sky,2021-08-08 15:33:26
343,Huarmey,PE,-10.0681,-78.1522,67.78,72,56,10.67,broken clouds,2021-08-08 15:42:41
344,Aklavik,CA,68.2191,-135.0107,46.4,93,75,3.44,broken clouds,2021-08-08 15:42:41
345,Pacific Grove,US,36.6177,-121.9166,64.63,88,75,3.0,broken clouds,2021-08-08 15:42:42
346,Jaciara,BR,-15.9653,-54.9683,92.37,21,0,7.02,clear sky,2021-08-08 15:42:42
347,Tanem,NO,63.3078,10.4319,66.13,71,76,2.89,broken clouds,2021-08-08 15:42:43
348,Borogontsy,RU,62.6683,131.1683,54.09,48,5,5.75,clear sky,2021-08-08 15:42:43
349,Gijon,ES,43.5357,-5.6615,69.01,64,42,1.99,scattered clouds,2021-08-08 15:40:52
350,Muret,FR,43.3333,1.25,77.76,58,91,6.44,overcast clouds,2021-08-08 15:42:43
351,Bastia,FR,42.6667,9.3333,91.2,64,0,6.91,clear sky,2021-08-08 15:38:26
352,Manggar,ID,-2.8833,108.2667,82.13,80,100,9.42,overcast clouds,2021-08-08 15:42:44
353,Athabasca,CA,54.7169,-113.2854,57.02,87,99,11.56,overcast clouds,2021-08-08 15:34:06
354,Evensk,RU,61.95,159.2333,52.36,72,47,11.18,scattered clouds,2021-08-08 15:42:44
355,Fort Nelson,CA,58.8053,-122.7002,47.79,100,75,2.3,broken clouds,2021-08-08 15:41:14
356,Limerick,IE,52.6647,-8.6231,62.55,65,74,13.65,light rain,2021-08-08 15:39:44
357,Coquimbo,CL,-29.9533,-71.3436,58.73,72,40,8.05,scattered clouds,2021-08-08 15:42:45
358,Aberdeen,GB,57.1437,-2.0981,65.82,83,40,9.22,scattered clouds,2021-08-08 15:41:02
359,Sawtell,AU,-30.3833,153.1,56.19,92,90,5.75,overcast clouds,2021-08-08 15:42:45
360,Saint-Joseph,RE,-21.3667,55.6167,70.18,80,24,6.46,few clouds,2021-08-08 15:32:57
361,Sigli,ID,5.3848,95.9609,79.2,86,100,5.95,overcast clouds,2021-08-08 15:42:46
362,Garowe,SO,8.4054,48.4845,88.14,33,53,17.67,broken clouds,2021-08-08 15:42:46
363,Concarneau,FR,47.875,-3.9225,66.06,81,100,14.65,overcast clouds,2021-08-08 15:42:46
364,Great Falls,US,47.5002,-111.3008,71.92,67,40,16.11,scattered clouds,2021-08-08 15:39:03
365,Dingle,PH,10.9995,122.6711,76.51,91,96,4.7,light rain,2021-08-08 15:42:47
366,Hailar,CN,49.2,119.7,63.14,90,100,7.2,moderate rain,2021-08-08 15:33:44
367,Durango,MX,24.8333,-104.8333,70.65,55,62,3.42,broken clouds,2021-08-08 15:38:13
368,Berlevag,NO,70.8578,29.0864,73.4,57,10,11.86,clear sky,2021-08-08 15:42:48
369,Magadan,RU,59.5667,150.8,52.81,79,32,4.68,scattered clouds,2021-08-08 15:42:48
370,Labuhan,ID,-6.8844,112.2051,79.47,86,6,7.76,clear sky,2021-08-08 15:42:48
371,Tomigusuku,JP,26.185,127.675,81.14,96,40,13.8,scattered clouds,2021-08-08 15:42:49
372,Locri,IT,38.2414,16.2623,89.55,51,0,8.16,clear sky,2021-08-08 15:42:49
373,Port Lincoln,AU,-34.7333,135.8667,54.32,66,58,10.02,broken clouds,2021-08-08 15:38:32
374,Witu,KE,-2.3889,40.4382,78.96,81,15,12.57,few clouds,2021-08-08 15:42:50
375,Pauini,BR,-7.7136,-66.9764,99.23,21,4,1.83,clear sky,2021-08-08 15:33:21
376,Kidal,ML,18.4411,1.4078,98.42,30,91,14.16,overcast clouds,2021-08-08 15:42:50
377,Meulaboh,ID,4.1363,96.1285,80.33,85,100,8.39,light rain,2021-08-08 15:42:06
378,Impfondo,CG,1.6381,18.0667,81.5,62,75,2.59,light rain,2021-08-08 15:42:51
379,Velsk,RU,61.0701,42.0983,57.47,98,100,7.74,light rain,2021-08-08 15:42:51
380,Moree,AU,-29.4667,149.85,42.82,93,19,4.61,few clouds,2021-08-08 15:42:51
381,Olinda,BR,-8.0089,-34.8553,82.13,61,20,16.11,few clouds,2021-08-08 15:32:53
382,Saverne,FR,48.8333,7.25,69.35,72,70,11.79,broken clouds,2021-08-08 15:42:52
383,Salalah,OM,17.0151,54.0924,78.89,94,90,8.05,light intensity drizzle,2021-08-08 15:42:47
384,Adrar,MR,20.5022,-10.0711,104.31,13,5,16.22,clear sky,2021-08-08 15:42:52
385,Zalantun,CN,48.0,122.7167,66.27,98,100,8.14,overcast clouds,2021-08-08 15:42:53
386,San Fernando,PH,15.0286,120.6898,82.42,89,100,3.44,overcast clouds,2021-08-08 15:42:53
387,Elizabethtown,US,37.694,-85.8591,84.74,67,1,3.44,clear sky,2021-08-08 15:42:53
388,Sitapur,IN,27.5667,80.6833,80.67,90,88,6.04,overcast clouds,2021-08-08 15:42:54
389,Joshimath,IN,30.5667,79.5667,71.26,92,90,0.96,heavy intensity rain,2021-08-08 15:33:48
390,Berezovyy,RU,51.6667,135.7,49.51,99,100,4.94,heavy intensity rain,2021-08-08 15:42:54
391,Laguna,US,38.421,-121.4238,82.9,76,1,3.0,clear sky,2021-08-08 15:42:54
392,Utete,TZ,-7.986,38.758,75.76,54,71,6.44,broken clouds,2021-08-08 15:42:55
393,Yamasaki,JP,35.0,134.55,77.41,92,100,9.78,heavy intensity rain,2021-08-08 15:42:55
394,Nalut,LY,30.3333,10.85,108.48,7,1,11.88,clear sky,2021-08-08 15:42:55
395,Ojinaga,MX,29.5667,-104.4167,91.58,42,1,6.91,clear sky,2021-08-08 15:42:56
396,Adre,TD,13.4667,22.2,68.43,88,100,5.32,overcast clouds,2021-08-08 15:42:56
397,Vallenar,CL,-28.5708,-70.7581,55.51,52,38,3.83,scattered clouds,2021-08-08 15:42:57
398,Krasnyy Kut,RU,50.95,46.9667,85.91,23,100,8.03,overcast clouds,2021-08-08 15:42:57
399,Marsh Harbour,BS,26.5412,-77.0636,84.15,68,11,8.1,few clouds,2021-08-08 15:42:58
400,Yurga,RU,55.7231,84.8861,62.55,87,45,3.67,scattered clouds,2021-08-08 15:42:58
401,Bethel,US,41.3712,-73.414,79.9,76,1,0.0,clear sky,2021-08-08 15:42:58
402,Korla,CN,41.7597,86.1469,83.62,29,100,9.37,overcast clouds,2021-08-08 15:33:01
403,Worcester,US,42.3334,-71.8328,81.45,73,90,1.01,overcast clouds,2021-08-08 15:42:59
404,Bonthe,SL,7.5264,-12.505,81.18,68,98,12.21,overcast clouds,2021-08-08 15:42:59
405,Sao Filipe,CV,14.8961,-24.4956,80.17,78,19,10.38,few clouds,2021-08-08 15:42:59
406,Sikandra,IN,26.3667,79.65,83.77,82,97,7.7,overcast clouds,2021-08-08 15:43:00
407,Coos Bay,US,43.3665,-124.2179,63.01,94,1,5.75,clear sky,2021-08-08 15:43:00
408,Westport,US,41.1415,-73.3579,79.61,90,75,3.0,broken clouds,2021-08-08 15:38:53
409,Khuzhir,RU,53.1939,107.3397,57.18,67,3,6.71,clear sky,2021-08-08 15:43:01
410,Balkhash,KZ,46.844,74.9804,78.84,43,40,6.42,scattered clouds,2021-08-08 15:43:01
411,Hasaki,JP,35.7333,140.8333,79.2,89,100,7.83,overcast clouds,2021-08-08 15:43:01
412,Richards Bay,ZA,-28.783,32.0377,68.25,72,0,12.39,clear sky,2021-08-08 15:43:02
413,Palmer,US,42.1584,-72.3287,81.63,61,75,6.91,broken clouds,2021-08-08 15:41:17
414,Riyadh,SA,24.6877,46.7219,107.74,11,73,13.4,broken clouds,2021-08-08 15:42:06
415,Mitchell,US,43.7094,-98.0298,71.58,83,1,9.22,clear sky,2021-08-08 15:43:02
416,Tessalit,ML,20.1986,1.0114,102.65,22,51,13.15,broken clouds,2021-08-08 15:43:03
417,Union,US,40.6334,-74.2663,81.18,68,90,8.05,overcast clouds,2021-08-08 15:43:03
418,Vestmanna,FO,62.1564,-7.1664,54.52,94,90,10.36,overcast clouds,2021-08-08 15:42:49
419,Dolores,AR,-36.3132,-57.6792,45.57,80,100,16.08,moderate rain,2021-08-08 15:43:04
420,Lhokseumawe,ID,5.1801,97.1507,80.26,84,61,5.84,broken clouds,2021-08-08 15:43:04
421,Masagua,GT,14.2031,-90.8481,85.82,69,99,4.54,overcast clouds,2021-08-08 15:43:04
422,Maymyo,MM,22.0333,96.4667,68.5,93,98,0.67,overcast clouds,2021-08-08 15:43:05
423,Pandamatenga,BW,-18.5278,25.627,70.97,23,0,5.99,clear sky,2021-08-08 15:43:05
424,Odweyne,SO,9.4092,45.064,85.59,35,39,9.82,light rain,2021-08-08 15:43:05
425,Chenzhou,CN,25.8,113.0333,82.49,80,98,3.91,light rain,2021-08-08 15:43:06
426,Paraisopolis,BR,-22.5542,-45.78,74.03,40,5,3.02,clear sky,2021-08-08 15:43:06
427,Cabatuan,PH,10.8794,122.486,76.8,88,100,5.14,moderate rain,2021-08-08 15:43:06
428,Djibo,BF,14.1022,-1.6306,95.61,32,95,5.46,overcast clouds,2021-08-08 15:43:07
429,Conde,BR,-7.2597,-34.9075,83.66,58,75,19.57,broken clouds,2021-08-08 15:43:07
430,Srednekolymsk,RU,67.45,153.6833,49.57,74,5,2.66,clear sky,2021-08-08 15:42:29
431,Eyl,SO,7.9803,49.8164,77.36,79,80,25.61,broken clouds,2021-08-08 15:43:08
432,Troitskoye,RU,52.9821,84.6757,67.1,57,18,7.36,few clouds,2021-08-08 15:43:08
433,Ranot,TH,7.7777,100.3213,83.05,75,60,10.49,light rain,2021-08-08 15:43:09
434,Rocha,UY,-34.4833,-54.3333,60.21,87,97,9.57,overcast clouds,2021-08-08 15:43:09
435,Sawakin,SD,19.1059,37.3321,93.96,42,42,21.39,scattered clouds,2021-08-08 15:43:09
436,Markova,UA,48.6758,24.4138,81.99,63,24,1.86,few clouds,2021-08-08 15:43:10
437,Svetlaya,RU,46.5389,138.3297,58.68,91,100,15.14,overcast clouds,2021-08-08 15:43:10
438,Peniche,PT,39.3558,-9.3811,78.28,54,0,16.15,clear sky,2021-08-08 15:43:10
439,Altay,CN,47.8667,88.1167,64.92,33,22,6.98,few clouds,2021-08-08 15:43:11
440,Rio Gallegos,AR,-51.6226,-69.2181,42.85,61,0,23.02,clear sky,2021-08-08 15:32:29
441,Buraydah,SA,26.326,43.975,108.05,9,65,11.41,broken clouds,2021-08-08 15:33:11
442,Veinticinco De Mayo,AR,-35.4323,-60.1727,49.57,66,98,16.93,moderate rain,2021-08-08 15:43:11
443,Gorontalo,ID,0.5412,123.0595,74.17,94,82,1.88,broken clouds,2021-08-08 15:43:12
444,Oxford,GB,51.7522,-1.256,69.22,67,75,3.0,broken clouds,2021-08-08 15:43:12
445,Waingapu,ID,-9.6567,120.2641,74.19,77,57,8.16,broken clouds,2021-08-08 15:43:13
446,Bloomfield,US,40.8068,-74.1854,80.94,65,20,5.01,few clouds,2021-08-08 15:43:13
447,Krasnokamensk,RU,50.0979,118.0369,61.52,83,62,2.28,broken clouds,2021-08-08 15:43:13
448,Lata,PT,40.1629,-8.3327,85.05,36,0,12.24,clear sky,2021-08-08 15:43:14
449,Kaniama,CD,-7.5667,24.1833,86.07,17,77,3.6,broken clouds,2021-08-08 15:43:14
450,Trebinje,BA,42.7119,18.3442,90.75,17,0,12.66,clear sky,2021-08-08 15:40:41
451,Eldama Ravine,KE,0.0516,35.7308,56.62,90,81,2.13,moderate rain,2021-08-08 15:43:14
452,Toamasina,MG,-18.1667,49.3833,71.6,78,40,3.44,scattered clouds,2021-08-08 15:43:15
453,Acandi,CO,8.5063,-77.2778,84.25,72,70,3.11,broken clouds,2021-08-08 15:43:15
454,Bathsheba,BB,13.2167,-59.5167,86.61,74,20,23.02,few clouds,2021-08-08 15:43:15
455,Ilhabela,BR,-23.7781,-45.3581,72.14,61,0,4.68,clear sky,2021-08-08 15:38:39
456,Puerto Escondido,MX,15.85,-97.0667,85.03,70,40,6.91,scattered clouds,2021-08-08 15:33:52
457,Olga,RU,43.7444,135.2892,63.09,79,100,14.12,overcast clouds,2021-08-08 15:43:16
458,Geraldton,AU,-28.7667,114.6,64.81,88,11,12.66,few clouds,2021-08-08 15:42:43
459,Kambove,CD,-10.8764,26.5969,71.94,26,0,3.22,clear sky,2021-08-08 15:43:17
460,Kailua,US,21.4022,-157.7394,76.14,73,20,10.36,few clouds,2021-08-08 15:43:17
461,Puerto Lopez,CO,4.0845,-72.956,84.09,70,66,3.38,broken clouds,2021-08-08 15:43:17
462,Sioni,GE,41.9895,45.0239,80.96,50,77,4.72,broken clouds,2021-08-08 15:43:18
463,Wanxian,CN,30.8039,108.3897,77.31,98,99,5.21,light rain,2021-08-08 15:43:18
464,Maceio,BR,-9.6658,-35.7353,80.04,65,75,13.8,broken clouds,2021-08-08 15:41:29
465,Ghatampur,IN,26.1667,80.1667,82.4,85,99,6.69,heavy intensity rain,2021-08-08 15:43:18
466,Aripuana,BR,-9.1667,-60.6333,97.32,22,6,3.69,clear sky,2021-08-08 15:33:36
467,Huambo,AO,-12.7761,15.7392,79.11,8,36,6.31,scattered clouds,2021-08-08 15:43:19
468,Biak,ID,-0.9131,122.8766,75.09,86,64,5.64,broken clouds,2021-08-08 15:43:19
469,Mitsamiouli,KM,-11.3847,43.2844,76.68,68,36,8.3,light rain,2021-08-08 15:43:20
470,Clyde River,CA,70.4692,-68.5914,52.03,58,20,12.66,few clouds,2021-08-08 15:42:46
471,Port-Gentil,GA,-0.7193,8.7815,80.56,74,90,13.8,overcast clouds,2021-08-08 15:33:38
472,Deputatskiy,RU,69.3,139.9,49.48,76,60,3.0,broken clouds,2021-08-08 15:43:21
473,Fukue,JP,32.6881,128.8419,79.66,83,90,23.35,overcast clouds,2021-08-08 15:43:21
474,Niono,ML,14.2526,-5.993,91.53,42,88,5.91,overcast clouds,2021-08-08 15:43:22
475,Mishkino,RU,55.3389,63.9175,58.77,94,100,7.11,overcast clouds,2021-08-08 15:43:22
476,Ostersund,SE,63.1792,14.6357,59.45,94,75,8.05,broken clouds,2021-08-08 15:43:22
477,Methven,NZ,-43.6333,171.65,30.92,89,94,8.88,light snow,2021-08-08 15:43:22
478,Fortuna,US,40.5982,-124.1573,67.42,71,90,1.01,overcast clouds,2021-08-08 15:43:23
479,Hambantota,LK,6.1241,81.1185,80.94,89,20,10.36,few clouds,2021-08-08 15:43:23
480,Vidim,RU,56.4088,103.1106,60.31,52,67,3.11,broken clouds,2021-08-08 15:43:23
481,Vestmannaeyjar,IS,63.4427,-20.2734,61.79,72,0,17.27,clear sky,2021-08-08 15:43:01
482,Mao,ES,39.8885,4.2658,79.36,53,0,14.97,clear sky,2021-08-08 15:43:24
483,Belaya Kholunitsa,RU,58.84,50.8528,62.17,69,42,3.98,scattered clouds,2021-08-08 15:43:25
484,Casablanca,MA,33.5928,-7.6192,79.02,43,40,17.27,scattered clouds,2021-08-08 15:41:38
485,Port Blair,IN,11.6667,92.75,82.63,83,84,10.36,broken clouds,2021-08-08 15:43:21
486,Tungor,RU,53.3808,142.9564,50.47,83,41,4.52,scattered clouds,2021-08-08 15:43:25
487,El Paso,US,31.8001,-106.2005,90.66,38,75,5.75,broken clouds,2021-08-08 15:41:42
488,Lavrentiya,RU,65.5833,-171.0,42.13,89,100,13.8,overcast clouds,2021-08-08 15:43:26
489,Qaqortoq,GL,60.7167,-46.0333,48.7,76,9,16.51,clear sky,2021-08-08 15:43:26
490,Paamiut,GL,61.994,-49.6678,43.47,85,91,8.48,overcast clouds,2021-08-08 15:43:26
491,Hyeres,FR,43.1167,6.1167,88.74,38,0,16.11,clear sky,2021-08-08 15:43:27
492,Nampula,MZ,-15.1165,39.2666,78.75,38,75,9.22,broken clouds,2021-08-08 15:43:27
493,Liaozhong,CN,41.5061,122.7242,73.89,73,91,4.88,light rain,2021-08-08 15:43:28
494,Omsukchan,RU,62.5333,155.8,48.81,80,91,4.92,overcast clouds,2021-08-08 15:33:28
495,Margate,GB,51.3813,1.3862,68.7,64,100,4.0,overcast clouds,2021-08-08 15:43:28
496,Broome,US,42.2506,-75.833,82.81,63,1,1.99,clear sky,2021-08-08 15:43:28
497,Kungurtug,RU,50.5994,97.5228,52.99,78,74,2.62,broken clouds,2021-08-08 15:43:29
498,Chiniot,PK,31.72,72.9789,100.06,32,39,4.29,scattered clouds,2021-08-08 15:40:08
499,North Branch,US,45.5113,-92.9802,75.85,60,100,10.27,overcast clouds,2021-08-08 15:43:29
500,Chapais,CA,49.7834,-74.8492,64.18,33,26,6.76,scattered clouds,2021-08-08 15:43:30
501,Lensk,RU,60.7253,114.9278,57.15,94,62,0.56,broken clouds,2021-08-08 15:43:30
502,Carmarthen,GB,51.8555,-4.3054,65.89,72,20,31.07,few clouds,2021-08-08 15:43:30
503,Virginia Beach,US,36.8529,-75.978,77.05,78,90,9.22,overcast clouds,2021-08-08 15:39:55
504,Buin,CL,-33.7333,-70.75,50.32,83,98,2.19,overcast clouds,2021-08-08 15:43:31
505,Katsuura,JP,35.1333,140.3,82.51,91,100,15.68,overcast clouds,2021-08-08 15:40:36
506,Alofi,NU,-19.0595,-169.9187,73.29,83,98,13.8,overcast clouds,2021-08-08 15:43:31
507,Balagansk,RU,54.0103,103.0544,58.73,48,96,2.86,overcast clouds,2021-08-08 15:43:32
508,Debre Tabor,ET,11.85,38.0167,53.64,87,99,1.34,moderate rain,2021-08-08 15:43:32
509,Lubyany,RU,56.0378,51.4,78.44,55,62,5.84,broken clouds,2021-08-08 15:43:32
510,Coihaique,CL,-45.5752,-72.0662,44.55,65,20,6.91,few clouds,2021-08-08 15:43:33
511,Sokoto,NG,13.0609,5.239,89.51,51,93,10.25,overcast clouds,2021-08-08 15:43:33
512,San Patricio,US,28.017,-97.5169,89.91,56,8,15.88,clear sky,2021-08-08 15:42:19
513,Manokwari,ID,-0.8667,134.0833,77.18,81,99,2.04,overcast clouds,2021-08-08 15:43:34
514,Sembakung,ID,3.8167,117.25,80.53,95,100,0.72,overcast clouds,2021-08-08 15:43:34
515,Price,US,39.5994,-110.8107,70.86,28,1,4.61,clear sky,2021-08-08 15:43:34
516,Neuquen,AR,-38.9516,-68.0591,49.89,46,0,2.3,clear sky,2021-08-08 15:39:17
517,Tual,ID,-5.6667,132.75,79.92,81,100,19.06,overcast clouds,2021-08-08 15:43:35
518,Mattru,SL,7.6244,-11.8332,80.6,73,100,6.24,light rain,2021-08-08 15:43:35
519,Toora-Khem,RU,52.4675,96.11,57.88,79,79,1.57,broken clouds,2021-08-08 15:43:35
520,Yima,CN,34.7381,111.8839,76.53,77,80,1.3,light rain,2021-08-08 15:43:36
521,Riviere-Au-Renard,CA,48.9957,-64.3971,66.49,60,6,13.0,clear sky,2021-08-08 15:43:36
522,Prado,BR,-17.3411,-39.2208,75.15,63,37,11.83,scattered clouds,2021-08-08 15:43:37
523,Vernon,CA,50.2581,-119.2691,63.81,89,100,0.0,overcast clouds,2021-08-08 15:40:00
524,Namibe,AO,-15.1961,12.1522,69.08,79,63,11.68,broken clouds,2021-08-08 15:43:37
525,Loandjili,CG,-4.7561,11.8578,78.91,73,40,8.05,scattered clouds,2021-08-08 15:43:38
526,Zhigansk,RU,66.7697,123.3711,59.31,47,99,8.01,overcast clouds,2021-08-08 15:43:38
527,Seryshevo,RU,51.0933,128.3786,55.6,76,100,6.08,overcast clouds,2021-08-08 15:43:38
528,Ridgecrest,US,35.6225,-117.6709,88.02,16,1,5.99,clear sky,2021-08-08 15:42:17
529,North Bend,US,43.4065,-124.2243,60.17,94,1,5.75,clear sky,2021-08-08 15:43:39
530,Faya,SA,18.3851,42.4509,73.51,63,82,7.58,broken clouds,2021-08-08 15:43:39
531,Hofn,IS,64.2539,-15.2082,66.22,59,0,9.22,clear sky,2021-08-08 15:33:55
532,Gmunden,AT,47.9189,13.7975,67.62,92,100,6.35,overcast clouds,2021-08-08 15:43:40
533,Oga,IT,46.4631,10.347,68.68,81,63,5.17,broken clouds,2021-08-08 15:43:40
534,Labuan,MY,5.2767,115.2417,82.56,89,20,0.0,few clouds,2021-08-08 15:43:41
535,Aden,YE,12.7794,45.0367,87.13,71,15,11.95,few clouds,2021-08-08 15:42:11
536,Erdenet,MN,49.0333,104.0833,50.25,78,2,1.54,clear sky,2021-08-08 15:43:41
537,Winslow,US,35.0242,-110.6974,83.97,24,1,3.44,clear sky,2021-08-08 15:43:41
538,Ahuimanu,US,21.4447,-157.8378,75.85,72,20,10.36,few clouds,2021-08-08 15:43:42
539,Purpe,RU,64.4803,76.6897,69.49,56,26,6.91,scattered clouds,2021-08-08 15:43:42
540,Shirokiy,RU,49.758,129.523,54.21,79,100,9.19,overcast clouds,2021-08-08 15:43:43
541,Wasilla,US,61.5814,-149.4394,54.95,90,90,3.44,light rain,2021-08-08 15:43:43
542,Zapolyarnyy,RU,69.4154,30.8136,70.88,49,19,9.15,few clouds,2021-08-08 15:43:43
543,Dawei,MM,14.0833,98.2,78.22,92,82,0.54,broken clouds,2021-08-08 15:43:44
544,Necochea,AR,-38.5473,-58.7368,53.04,43,85,8.41,overcast clouds,2021-08-08 15:43:44
545,Raudeberg,NO,61.9875,5.1352,71.38,75,100,7.16,overcast clouds,2021-08-08 15:43:30
546,Itiuba,BR,-10.6917,-39.8536,82.74,32,53,12.1,broken clouds,2021-08-08 15:43:45
547,Santa Clara,CU,22.4,-79.9667,86.77,66,40,9.22,scattered clouds,2021-08-08 15:43:45
548,Kasongo-Lunda,CD,-6.4667,16.8167,93.6,16,6,2.44,clear sky,2021-08-08 15:43:45
549,Trat,TH,12.5,102.5,77.9,94,100,3.47,overcast clouds,2021-08-08 15:43:46
550,Mezen,RU,65.8522,44.24,62.62,52,97,6.93,overcast clouds,2021-08-08 15:43:46
551,Itarema,BR,-2.9248,-39.9167,88.09,50,1,20.15,clear sky,2021-08-08 15:43:46
552,Flinders,AU,-34.5833,150.8552,53.2,81,100,1.01,overcast clouds,2021-08-08 15:43:47
553,Kishtwar,IN,33.3167,75.7667,66.61,92,8,0.27,clear sky,2021-08-08 15:43:47
554,Novoagansk,RU,61.9449,76.6625,70.27,58,77,7.31,broken clouds,2021-08-08 15:43:47
555,Vao,NC,-22.6667,167.4833,67.32,62,47,17.38,scattered clouds,2021-08-08 15:34:01
556,Vung Tau,VN,10.346,107.0843,82.31,82,87,13.76,light rain,2021-08-08 15:43:48
557,Vila Franca Do Campo,PT,37.7167,-25.4333,72.01,68,42,7.47,scattered clouds,2021-08-08 15:43:48
558,Clinton,US,42.587,-82.9199,82.22,89,90,1.01,mist,2021-08-08 15:43:49
559,Sioux Lookout,CA,50.1001,-91.917,62.98,94,90,4.61,mist,2021-08-08 15:33:49
560,Powell River,CA,49.8496,-124.5361,63.0,94,75,5.75,mist,2021-08-08 15:40:53
561,Doka,SD,13.5167,35.7667,76.84,79,100,6.17,overcast clouds,2021-08-08 15:43:49
562,Sainte-Suzanne,RE,-20.9061,55.6089,70.02,83,0,12.66,clear sky,2021-08-08 15:43:50
563,Vardo,NO,70.3705,31.1107,73.15,79,5,10.69,clear sky,2021-08-08 15:43:50
564,Morgan City,US,29.6994,-91.2068,91.04,79,1,4.61,light rain,2021-08-08 15:43:51
565,Mayo,US,38.8876,-76.5119,85.26,72,20,4.0,few clouds,2021-08-08 15:43:51
566,Ushtobe,KZ,45.2514,77.9838,81.84,21,34,8.01,scattered clouds,2021-08-08 15:43:51
567,Isoka,ZM,-10.1606,32.6335,67.26,36,0,0.81,clear sky,2021-08-08 15:43:52
568,Lincoln,US,40.8,-96.667,77.38,75,1,1.99,clear sky,2021-08-08 15:43:52
569,Ixtapa,MX,20.7,-105.2,83.23,83,40,4.61,scattered clouds,2021-08-08 15:43:52
570,Yongan,CN,39.6957,113.6871,63.07,80,79,2.93,light rain,2021-08-08 15:43:53
571,Pahrump,US,36.2083,-115.9839,93.11,14,0,1.01,clear sky,2021-08-08 15:42:18
572,Kanker,IN,20.2719,81.4931,78.78,77,100,5.41,overcast clouds,2021-08-08 15:43:53
573,Nyrob,RU,60.733,56.7202,55.76,83,100,4.85,overcast clouds,2021-08-08 15:43:54
574,Houma,US,29.5958,-90.7195,90.01,72,40,0.0,scattered clouds,2021-08-08 15:39:13
575,Leningradskiy,RU,69.3833,178.4167,35.47,85,57,14.74,broken clouds,2021-08-08 15:43:13
576,Indiaroba,BR,-11.5192,-37.5117,79.65,51,96,8.55,overcast clouds,2021-08-08 15:43:54
577,Le Pont-De-Claix,FR,45.1244,5.7064,77.81,67,99,4.76,overcast clouds,2021-08-08 15:43:55
578,Bahir Dar,ET,11.5936,37.3908,62.89,90,81,4.81,moderate rain,2021-08-08 15:43:55
579,Bollnas,SE,61.3482,16.3946,72.12,69,99,7.52,overcast clouds,2021-08-08 15:43:55
580,Hobyo,SO,5.3505,48.5268,77.16,83,100,27.38,overcast clouds,2021-08-08 15:43:56
581,Sao Felix Do Xingu,BR,-6.6447,-51.995,95.65,24,22,4.32,few clouds,2021-08-08 15:43:56
582,Mega,ET,4.05,38.3,69.08,44,87,12.39,overcast clouds,2021-08-08 15:43:56
583,Valencia,ES,39.3333,-0.8333,77.76,82,99,12.03,overcast clouds,2021-08-08 15:40:36
584,Saint-Pierre,RE,-21.3393,55.4781,69.48,75,0,3.44,clear sky,2021-08-08 15:43:57
585,Toropets,RU,56.4978,31.6353,69.71,70,84,3.98,broken clouds,2021-08-08 15:43:57
586,Inyonga,TZ,-6.7167,32.0667,80.19,26,45,3.47,scattered clouds,2021-08-08 15:43:58
587,Kurumkan,RU,54.3,110.3,58.71,90,100,2.21,light rain,2021-08-08 15:43:58
588,Puerto Quijarro,BO,-17.7833,-57.7667,97.63,19,5,7.61,clear sky,2021-08-08 15:43:58
589,Homer,US,59.6425,-151.5483,54.81,89,90,0.0,moderate rain,2021-08-08 15:36:39
590,Husavik,IS,66.0449,-17.3389,62.51,78,23,9.8,few clouds,2021-08-08 15:43:59
591,Mombetsu,JP,44.3525,143.3525,64.8,92,100,8.55,light rain,2021-08-08 15:43:59
592,Ust-Kuyga,RU,70.0167,135.6,62.37,55,36,3.96,scattered clouds,2021-08-08 15:44:00
593,Cayenne,GF,4.9333,-52.3333,91.44,74,40,4.0,scattered clouds,2021-08-08 15:42:23
594,Luganville,VU,-15.5333,167.1667,74.82,86,100,10.22,light rain,2021-08-08 15:44:00
595,Sisimiut,GL,66.9395,-53.6735,42.94,84,100,7.29,overcast clouds,2021-08-08 15:44:01
596,Makat,KZ,47.6469,53.3463,91.45,16,4,12.93,clear sky,2021-08-08 15:44:01
597,Myanaung,MM,18.2833,95.3167,80.4,82,100,2.21,overcast clouds,2021-08-08 15:44:01
598,Asau,RO,46.4333,26.4,84.4,54,16,2.35,few clouds,2021-08-08 15:44:02
599,Clemson,US,34.6834,-82.8374,86.2,71,1,4.61,clear sky,2021-08-08 15:43:27
600,Pointe Michel,DM,15.25,-61.3833,86.94,70,20,3.44,few clouds,2021-08-08 15:44:02
601,Puerto Montt,CL,-41.4698,-72.9447,47.23,87,75,17.27,broken clouds,2021-08-08 15:41:39
602,Caravelas,BR,-17.7125,-39.2481,76.15,57,18,10.74,few clouds,2021-08-08 15:44:03
603,Zharkent,KZ,44.1628,80.0,76.62,26,0,5.17,clear sky,2021-08-08 15:44:03
604,Puerto Madero,MX,14.7208,-92.4215,80.78,76,86,6.73,overcast clouds,2021-08-08 15:44:03
605,Aksay,RU,47.26,39.87,89.89,43,95,6.24,overcast clouds,2021-08-08 15:44:03
606,Nome,US,64.5011,-165.4064,50.07,76,1,12.66,clear sky,2021-08-08 15:44:04
607,Derbent,RU,42.0678,48.2899,88.11,49,18,4.07,few clouds,2021-08-08 15:44:04
608,Oranjemund,NA,-28.55,16.4333,59.23,73,86,13.18,overcast clouds,2021-08-08 15:44:05
609,Ust-Kut,RU,56.7938,105.7672,55.0,59,4,1.21,clear sky,2021-08-08 15:44:05
610,Linhares,BR,-19.3911,-40.0722,73.31,63,65,8.77,broken clouds,2021-08-08 15:44:05
611,Teya,RU,60.3778,92.6267,66.31,60,100,2.82,overcast clouds,2021-08-08 15:44:06
612,Itoman,JP,26.1247,127.6694,81.37,96,40,13.8,scattered clouds,2021-08-08 15:44:06
613,Agogo,GH,6.8,-1.0819,77.04,79,99,5.35,light rain,2021-08-08 15:44:06
614,Gulu,UG,2.7746,32.299,67.53,88,73,4.85,light rain,2021-08-08 15:44:07
615,Samarai,PG,-10.6167,150.6667,77.99,79,100,17.69,overcast clouds,2021-08-08 15:43:25
616,Rodrigues Alves,BR,-7.738,-72.6509,89.8,34,1,0.69,clear sky,2021-08-08 15:44:07
617,Kyshtovka,RU,56.555,76.6271,63.97,90,54,6.82,broken clouds,2021-08-08 15:44:07
618,Sol-Iletsk,RU,51.1631,54.9918,77.77,32,41,9.19,scattered clouds,2021-08-08 15:44:08
619,Hami,CN,42.8,93.45,86.38,13,25,11.65,scattered clouds,2021-08-08 15:43:32
620,Van Wert,US,40.8695,-84.5841,82.38,74,1,4.0,clear sky,2021-08-08 15:44:09
621,Nuuk,GL,64.1835,-51.7216,47.01,81,75,9.22,light rain,2021-08-08 15:44:09
622,Derzhavinsk,KZ,51.1,66.3167,67.46,47,69,10.47,broken clouds,2021-08-08 15:44:09
623,Suntar,RU,62.1444,117.6319,57.52,97,63,1.54,broken clouds,2021-08-08 15:44:10
624,Broken Hill,AU,-31.95,141.4333,44.31,70,0,8.05,clear sky,2021-08-08 15:44:10
625,Killarney,IE,52.05,-9.5167,59.05,88,75,5.75,broken clouds,2021-08-08 15:44:10
626,La Libertad,EC,-2.2333,-80.9,73.06,83,75,11.5,broken clouds,2021-08-08 15:44:11
627,Alcantara,BR,-2.4089,-44.4147,88.0,48,3,4.23,clear sky,2021-08-08 15:44:11
628,Paita,PE,-5.0892,-81.1144,72.16,68,3,11.63,clear sky,2021-08-08 15:44:11
629,Menongue,AO,-14.6585,17.691,82.26,9,42,6.06,scattered clouds,2021-08-08 15:44:12
630,Tyup,KG,42.7276,78.3648,61.47,50,7,5.41,clear sky,2021-08-08 15:44:12
631,Chara,RU,56.9064,118.2631,59.38,81,75,2.3,broken clouds,2021-08-08 15:44:13
632,Baoding,CN,38.8511,115.4903,73.74,92,100,4.99,light rain,2021-08-08 15:42:41
633,Carballo,ES,43.213,-8.691,72.82,58,55,6.22,broken clouds,2021-08-08 15:44:13
634,Dongning,CN,44.0622,131.1207,61.03,93,100,2.28,overcast clouds,2021-08-08 15:44:13
635,Meadow Lake,US,34.8014,-106.5436,81.39,12,0,4.97,clear sky,2021-08-08 15:44:14
636,San Jose,US,37.3394,-121.895,69.53,80,20,6.91,haze,2021-08-08 15:41:27
637,Thanh Hoa,VN,19.8,105.7667,86.29,77,99,4.68,overcast clouds,2021-08-08 15:39:28
638,Tiznit,MA,29.5833,-9.5,75.2,56,0,12.15,clear sky,2021-08-08 15:44:14
639,Gizo,SB,-8.103,156.8419,80.24,74,72,6.02,light rain,2021-08-08 15:44:15
640,Tubmanburg,LR,6.8708,-10.8172,79.36,78,99,6.02,light rain,2021-08-08 15:44:15
641,Rawson,AR,-43.3002,-65.1023,51.35,40,0,7.74,clear sky,2021-08-08 15:44:15
642,Mahina,PF,-17.5065,-149.489,73.17,83,20,3.44,few clouds,2021-08-08 15:44:15
643,Pilani,IN,28.3684,75.6041,89.04,60,32,8.77,scattered clouds,2021-08-08 15:44:16
644,Boa Esperanca,BR,-21.09,-45.5658,72.54,39,30,7.61,scattered clouds,2021-08-08 15:44:17
645,Ongandjera,NA,-17.8833,15.0667,80.42,11,2,5.32,clear sky,2021-08-08 15:44:17
646,Santa Lucia,ES,27.9117,-15.5407,70.92,61,20,24.16,few clouds,2021-08-08 15:44:17
647,Soubre,CI,5.7856,-6.6083,83.44,66,90,2.35,light rain,2021-08-08 15:44:18
648,Tabou,CI,4.423,-7.3528,79.86,74,79,12.28,light rain,2021-08-08 15:44:18
649,Saint-Francois,FR,46.4154,3.9054,73.18,51,0,6.91,clear sky,2021-08-08 15:44:18
650,Sulangan,PH,11.1373,123.7228,83.25,73,100,3.29,overcast clouds,2021-08-08 15:44:19
651,Zandvoort,NL,52.3749,4.5341,67.98,62,40,26.46,scattered clouds,2021-08-08 15:44:19
652,Prachatice,CZ,49.0129,13.9975,64.08,88,100,6.71,overcast clouds,2021-08-08 15:44:19
653,Atambua,ID,-9.1061,124.8925,68.05,85,35,4.41,scattered clouds,2021-08-08 15:44:20
654,Tomatlan,MX,19.9333,-105.25,85.1,67,74,1.83,broken clouds,2021-08-08 15:44:20
655,Knysna,ZA,-34.0363,23.0471,59.38,82,63,4.5,broken clouds,2021-08-08 15:44:21
656,Padang,ID,-0.9492,100.3543,80.65,87,84,2.37,broken clouds,2021-08-08 15:44:21
657,Maningrida,AU,-12.0667,134.2667,67.03,84,4,9.33,clear sky,2021-08-08 15:44:22
658,Rudnogorsk,RU,57.2639,103.7519,59.04,50,56,2.66,broken clouds,2021-08-08 15:44:22
659,Imphal,IN,24.8167,93.95,71.65,97,100,2.06,overcast clouds,2021-08-08 15:44:22
660,Fredericton,CA,45.9454,-66.6656,74.37,71,90,1.99,overcast clouds,2021-08-08 15:44:22
661,Araouane,ML,18.9048,-3.5265,106.2,13,34,11.36,scattered clouds,2021-08-08 15:44:23
662,Utinga,BR,-5.8172,-35.3954,81.45,65,75,13.8,broken clouds,2021-08-08 15:44:23
663,Zavetnoye,RU,47.1194,43.8903,90.5,25,96,6.46,overcast clouds,2021-08-08 15:44:23
664,Kabwe,ZM,-14.4469,28.4464,69.71,26,0,6.82,clear sky,2021-08-08 15:44:24
665,Samfya,ZM,-11.3649,29.5565,72.66,31,0,2.73,clear sky,2021-08-08 15:44:24
666,Sept-Iles,CA,50.2001,-66.3821,66.72,54,40,5.01,scattered clouds,2021-08-08 15:44:25
667,Pyu,MM,18.4833,96.4333,76.37,97,98,4.47,overcast clouds,2021-08-08 15:44:25
668,Xichang,CN,27.8964,102.2634,71.17,93,100,2.24,light rain,2021-08-08 15:43:48
669,Yar-Sale,RU,66.8333,70.8333,58.24,72,85,17.2,overcast clouds,2021-08-08 15:44:27
670,South Bradenton,US,27.4631,-82.5818,91.22,60,40,0.0,scattered clouds,2021-08-08 15:44:27
671,Pasighat,IN,28.0667,95.3333,79.5,96,92,2.1,overcast clouds,2021-08-08 15:44:27
672,Dores Do Indaia,BR,-19.4633,-45.6017,73.17,39,54,6.17,broken clouds,2021-08-08 15:44:28
673,Tautira,PF,-17.7333,-149.15,73.42,77,76,7.85,broken clouds,2021-08-08 15:44:28
674,Grindavik,IS,63.8424,-22.4338,63.55,67,0,18.41,clear sky,2021-08-08 15:44:29
675,Kang,BW,-23.6752,22.7876,71.56,15,0,6.04,clear sky,2021-08-08 15:44:29
676,Kangaatsiaq,GL,68.3065,-53.4641,41.05,94,100,17.27,overcast clouds,2021-08-08 15:44:30
677,Antofagasta,CL,-23.65,-70.4,60.08,65,56,11.12,broken clouds,2021-08-08 15:44:30
678,Anadyr,RU,64.75,177.4833,36.1,93,0,4.47,clear sky,2021-08-08 15:44:30
679,Senneterre,CA,48.3835,-77.2328,64.62,44,100,6.67,overcast clouds,2021-08-08 15:44:31
680,Arkhangelsk,RU,64.5401,40.5433,64.51,59,20,6.71,light rain,2021-08-08 15:44:31
681,Granadilla De Abona,ES,28.1188,-16.576,74.89,59,75,17.27,broken clouds,2021-08-08 15:44:31
682,Miraflores,MX,19.2167,-98.8083,63.25,76,72,1.05,broken clouds,2021-08-08 15:44:31
683,Maku,IR,39.2911,44.4521,82.44,31,69,3.87,broken clouds,2021-08-08 15:44:32
684,Leeton,AU,-34.5667,146.4,48.25,81,75,8.05,broken clouds,2021-08-08 15:44:32
685,Velikiy Ustyug,RU,60.7644,46.3106,60.03,68,100,7.02,overcast clouds,2021-08-08 15:44:33
686,Neath,GB,51.6632,-3.8044,66.94,71,62,5.99,broken clouds,2021-08-08 15:44:33
687,Sainte-Martine,CA,45.2501,-73.7992,78.89,70,26,4.61,scattered clouds,2021-08-08 15:44:34
688,Longfeng,CN,46.55,125.1167,65.82,88,49,10.36,heavy intensity rain,2021-08-08 15:44:34
689,Tondano,ID,1.3038,124.9112,68.09,92,99,2.55,overcast clouds,2021-08-08 15:44:34
690,Ruteng,ID,-8.6136,120.4721,61.18,92,92,1.12,overcast clouds,2021-08-08 15:44:35
691,Reconquista,AR,-29.15,-59.65,81.0,35,60,14.36,broken clouds,2021-08-08 15:44:35
692,Miandrivazo,MG,-19.5167,45.4667,76.24,29,0,3.2,clear sky,2021-08-08 15:44:35
693,Bacolod,PH,10.6667,122.95,78.15,88,100,6.53,light rain,2021-08-08 15:42:39
694,Sangar,RU,63.9242,127.4739,61.97,36,0,9.82,clear sky,2021-08-08 15:44:36
695,Cao Bang,VN,22.6667,106.25,80.13,92,100,1.01,overcast clouds,2021-08-08 15:44:36
696,Ortona,IT,42.3496,14.4039,92.12,68,0,4.59,clear sky,2021-08-08 15:44:36
697,Yuanping,CN,38.7153,112.7575,64.76,91,97,1.16,overcast clouds,2021-08-08 15:44:37
698,Bani Walid,LY,31.7566,13.9942,103.33,17,0,15.61,clear sky,2021-08-08 15:44:37
699,Belyy Yar,RU,53.6039,91.3903,62.49,94,19,2.24,mist,2021-08-08 15:44:38
700,Aykhal,RU,66.0,111.5,48.99,85,41,3.27,scattered clouds,2021-08-08 15:44:38
701,Imeni Poliny Osipenko,RU,52.4201,136.4853,49.19,88,100,3.94,overcast clouds,2021-08-08 15:44:38
702,Oudtshoorn,ZA,-33.5907,22.2014,55.76,29,60,15.3,broken clouds,2021-08-08 15:44:39
703,Kaifeng,CN,34.7911,114.3483,83.26,75,89,3.6,light rain,2021-08-08 15:44:39
704,Palmas Bellas,PA,9.2319,-80.0867,87.39,79,65,5.3,broken clouds,2021-08-08 15:44:39
705,Qidong,CN,31.8128,121.6561,82.04,80,1,5.19,clear sky,2021-08-08 15:44:40
706,Balkanabat,TM,39.5108,54.3671,102.76,9,0,8.77,clear sky,2021-08-08 15:44:40
